patient_key,doctor_key,clinic_key,date_key,wait_minutes,consultation_minutes,fee
201,15,5,115,3,28,3500.0
11,19,1,69,2,16,2500.0
97,20,5,231,13,29,4500.0
255,4,4,160,2,10,3000.0
70,15,5,232,40,30,3500.0
161,18,3,119,44,10,5000.0
27,15,5,291,27,15,3500.0
14,5,5,284,55,33,4000.0
144,1,3,63,21,15,2500.0
265,14,4,175,74,22,4500.0
251,17,2,216,40,10,4000.0
130,18,3,290,3,22,5000.0
250,20,5,304,76,34,4500.0
100,15,5,329,10,18,3500.0
132,2,2,185,5,15,4500.0
238,3,3,116,30,13,3500.0
152,5,5,160,31,13,4000.0
116,17,2,202,104,26,4000.0
143,6,1,216,5,14,5000.0
13,19,1,300,39,31,2500.0
264,16,1,72,5,9,3000.0
181,13,5,31,46,26,2500.0
206,5,5,101,3,14,4000.0
52,10,2,200,2,29,3000.0
212,19,4,185,150,27,2500.0
285,15,5,15,67,10,3500.0
4,17,2,167,20,18,4000.0
132,2,2,170,3,25,4500.0
49,5,5,219,51,16,4000.0
153,10,2,310,3,15,3000.0
10,5,5,225,4,26,4000.0
50,18,3,140,18,25,5000.0
74,13,3,21,25,17,2500.0
202,3,3,294,6,17,3500.0
165,16,3,177,24,16,3000.0
86,9,4,192,36,28,3500.0
179,19,1,154,33,20,2500.0
38,15,5,30,34,27,3500.0
240,16,1,70,8,34,3000.0
132,19,1,29,42,26,2500.0
91,14,4,317,154,26,4500.0
164,17,2,219,132,34,4000.0
204,1,3,212,180,24,2500.0
55,5,5,162,7,24,4000.0
297,10,5,323,41,28,3000.0
12,17,2,354,43,8,4000.0
149,19,4,270,24,35,2500.0
277,6,1,198,58,16,5000.0
78,17,2,157,86,15,4000.0
119,18,3,340,37,8,5000.0
143,2,2,8,3,14,4500.0
13,1,3,43,39,34,2500.0
89,18,3,45,14,15,5000.0
289,13,5,35,127,23,2500.0
251,6,1,65,86,10,5000.0
273,4,4,297,33,21,3000.0
297,10,2,214,5,25,3000.0
221,19,4,302,11,9,2500.0
246,16,1,351,27,24,3000.0
198,11,1,160,147,30,4000.0
138,11,1,50,38,27,4000.0
126,5,5,149,18,13,4000.0
91,8,3,140,5,8,4500.0
278,15,5,154,46,24,3500.0
47,20,5,300,27,33,4500.0
203,1,3,56,23,17,2500.0
114,8,3,84,46,29,4500.0
240,19,4,309,21,25,2500.0
75,10,2,358,0,35,3000.0
155,6,1,120,25,27,5000.0
50,11,1,178,38,34,4000.0
293,8,3,288,107,21,4500.0
254,6,1,16,14,28,5000.0
295,16,1,274,28,34,3000.0
226,9,4,300,21,22,3500.0
135,13,5,185,11,12,2500.0
14,13,5,199,7,16,2500.0
187,19,1,321,73,16,2500.0
116,11,1,332,25,27,4000.0
9,18,3,105,28,33,5000.0
122,18,3,177,40,13,5000.0
29,20,5,74,20,10,4500.0
260,7,2,115,28,17,2500.0
43,9,4,207,13,20,3500.0
221,9,4,365,27,32,3500.0
211,11,1,44,53,16,4000.0
27,3,3,91,46,25,3500.0
136,6,1,183,66,13,5000.0
128,12,2,206,4,17,5000.0
105,9,4,141,6,27,3500.0
223,13,5,161,16,15,2500.0
169,11,1,79,20,14,4000.0
165,4,4,165,36,12,3000.0
182,2,2,158,104,24,4500.0
22,19,4,183,54,18,2500.0
285,6,1,42,70,16,5000.0
230,11,1,297,168,8,4000.0
152,18,3,143,6,32,5000.0
19,4,4,20,71,9,3000.0
236,20,5,167,99,15,4500.0
256,5,5,147,10,15,4000.0
177,3,3,340,5,20,3500.0
91,18,3,308,14,21,5000.0
232,10,2,209,23,17,3000.0
220,3,3,108,83,8,3500.0
182,2,2,80,27,19,4500.0
19,7,2,141,45,19,2500.0
144,11,1,77,27,16,4000.0
239,8,3,329,7,27,4500.0
252,9,4,34,21,33,3500.0
46,16,1,330,27,26,3000.0
41,11,1,13,34,15,4000.0
103,10,5,185,32,13,3000.0
146,15,5,97,66,17,3500.0
1,18,3,4,41,13,5000.0
97,15,5,308,16,14,3500.0
34,3,3,226,1,28,3500.0
54,1,1,111,5,35,2500.0
217,14,4,307,74,13,4500.0
297,15,5,251,17,11,3500.0
250,12,2,291,8,29,5000.0
20,2,2,332,13,34,4500.0
66,10,5,213,44,13,3000.0
175,20,5,217,18,29,4500.0
214,12,2,162,44,35,5000.0
136,5,5,130,127,15,4000.0
90,16,1,21,2,25,3000.0
255,7,2,60,20,28,2500.0
229,4,4,260,13,29,3000.0
270,14,4,262,15,29,4500.0
261,18,3,204,180,34,5000.0
291,15,5,36,2,24,3500.0
12,13,5,280,48,30,2500.0
243,12,2,56,31,27,5000.0
24,17,2,62,16,28,4000.0
83,14,4,186,88,19,4500.0
49,5,5,28,2,27,4000.0
115,6,1,127,81,26,5000.0
74,1,3,276,26,10,2500.0
256,9,4,192,7,23,3500.0
31,8,3,118,3,33,4500.0
95,9,4,128,10,19,3500.0
10,9,4,203,40,30,3500.0
20,5,5,13,10,30,4000.0
169,11,1,253,2,28,4000.0
298,13,5,339,13,24,2500.0
161,8,3,175,50,14,4500.0
223,8,3,275,25,35,4500.0
151,10,5,105,4,8,3000.0
141,1,3,182,10,32,2500.0
10,14,4,143,22,33,4500.0
279,18,3,290,128,32,5000.0
163,6,1,332,25,12,5000.0
192,14,4,129,6,26,4500.0
20,8,3,174,6,26,4500.0
154,13,5,126,0,21,2500.0
9,1,1,291,27,33,2500.0
181,7,2,211,18,24,2500.0
143,12,2,8,33,32,5000.0
59,1,1,136,8,16,2500.0
31,7,2,364,60,9,2500.0
256,13,3,43,21,30,2500.0
142,16,1,209,3,29,3000.0
102,3,3,336,15,30,3500.0
270,6,1,6,41,9,5000.0
136,18,3,174,30,9,5000.0
24,15,5,219,2,32,3500.0
213,1,1,353,5,14,2500.0
7,2,2,275,23,11,4500.0
118,7,4,2,74,12,2500.0
227,9,4,290,52,20,3500.0
18,18,3,156,42,30,5000.0
161,12,2,69,12,26,5000.0
88,3,3,52,29,18,3500.0
20,7,2,247,32,29,2500.0
280,12,2,328,32,14,5000.0
56,5,5,232,0,17,4000.0
221,10,2,270,26,12,3000.0
198,17,2,102,5,29,4000.0
90,9,4,156,69,30,3500.0
219,5,5,189,16,10,4000.0
290,19,1,195,85,35,2500.0
210,10,2,210,1,32,3000.0
270,7,4,149,40,13,2500.0
225,16,3,254,160,29,3000.0
135,1,3,203,36,34,2500.0
108,7,2,165,32,31,2500.0
49,9,4,239,24,9,3500.0
59,20,5,283,0,26,4500.0
93,7,4,142,86,28,2500.0
203,20,5,358,53,34,4500.0
73,3,3,57,120,31,3500.0
13,1,1,221,8,35,2500.0
199,15,5,91,36,28,3500.0
196,14,4,265,14,13,4500.0
159,3,3,111,180,25,3500.0
104,16,3,101,79,18,3000.0
206,17,2,167,14,21,4000.0
221,4,1,238,10,12,3000.0
43,3,3,361,66,9,3500.0
236,18,3,28,39,24,5000.0
253,11,1,167,20,18,4000.0
267,10,5,247,16,12,3000.0
117,4,1,34,44,18,3000.0
42,17,2,184,10,10,4000.0
158,9,4,25,17,20,3500.0
64,1,3,225,36,18,2500.0
110,5,5,233,84,18,4000.0
118,5,5,244,156,16,4000.0
213,19,4,52,69,22,2500.0
171,1,1,160,2,9,2500.0
79,10,2,251,55,15,3000.0
12,17,2,36,102,35,4000.0
64,1,3,22,20,19,2500.0
286,10,5,118,29,30,3000.0
268,20,5,300,110,16,4500.0
276,9,4,114,2,9,3500.0
199,8,3,199,45,28,4500.0
224,15,5,133,6,32,3500.0
89,7,2,305,65,18,2500.0
82,20,5,335,0,33,4500.0
95,5,5,178,1,17,4000.0
79,10,2,275,53,12,3000.0
13,12,2,238,29,15,5000.0
170,15,5,83,19,11,3500.0
210,1,1,218,86,33,2500.0
7,3,3,217,10,25,3500.0
187,4,4,230,23,22,3000.0
171,6,1,258,8,25,5000.0
123,12,2,57,2,30,5000.0
25,1,3,340,40,29,2500.0
117,15,5,86,22,18,3500.0
11,4,1,48,63,21,3000.0
20,9,4,267,60,13,3500.0
219,17,2,83,19,14,4000.0
199,1,3,76,92,25,2500.0
22,20,5,310,165,27,4500.0
42,20,5,163,13,25,4500.0
24,17,2,70,29,13,4000.0
258,5,5,118,70,30,4000.0
112,15,5,119,21,29,3500.0
291,1,3,238,26,20,2500.0
224,20,5,202,22,19,4500.0
57,5,5,129,17,18,4000.0
292,6,1,188,58,9,5000.0
294,5,5,192,27,22,4000.0
265,12,2,1,3,35,5000.0
5,7,4,42,28,24,2500.0
199,13,5,266,115,32,2500.0
115,13,3,156,15,34,2500.0
130,14,4,176,16,14,4500.0
175,11,1,295,23,15,4000.0
101,7,4,30,18,33,2500.0
130,1,3,176,39,8,2500.0
73,5,5,126,41,16,4000.0
82,9,4,168,173,29,3500.0
11,15,5,337,43,22,3500.0
197,7,2,1,60,24,2500.0
205,18,3,153,2,15,5000.0
55,17,2,231,14,21,4000.0
98,5,5,126,14,21,4000.0
274,2,2,150,1,15,4500.0
223,3,3,325,20,31,3500.0
49,15,5,165,2,24,3500.0
80,13,3,322,18,14,2500.0
119,2,2,92,20,13,4500.0
48,4,1,266,30,24,3000.0
271,13,3,297,45,16,2500.0
140,14,4,197,40,9,4500.0
219,11,1,259,143,35,4000.0
64,4,1,66,53,23,3000.0
261,20,5,307,16,10,4500.0
51,13,3,36,24,17,2500.0
105,10,2,155,5,23,3000.0
277,14,4,321,12,25,4500.0
44,5,5,230,8,27,4000.0
89,1,1,339,21,20,2500.0
189,13,3,303,57,27,2500.0
259,20,5,287,18,22,4500.0
228,13,5,275,16,12,2500.0
7,9,4,298,60,35,3500.0
182,15,5,140,4,33,3500.0
175,14,4,14,67,19,4500.0
8,8,3,298,28,11,4500.0
172,12,2,147,4,18,5000.0
73,20,5,58,0,21,4500.0
32,20,5,293,10,29,4500.0
170,6,1,109,28,17,5000.0
215,13,3,174,12,32,2500.0
206,9,4,105,18,28,3500.0
125,13,5,95,7,26,2500.0
5,17,2,330,16,12,4000.0
186,9,4,358,12,17,3500.0
238,12,2,296,55,24,5000.0
134,1,1,127,43,14,2500.0
168,2,2,72,180,9,4500.0
100,18,3,13,42,29,5000.0
163,12,2,302,32,26,5000.0
25,6,1,195,3,26,5000.0
74,2,2,167,154,19,4500.0
109,12,2,76,8,30,5000.0
172,5,5,92,16,29,4000.0
5,15,5,9,36,8,3500.0
22,14,4,354,3,18,4500.0
107,18,3,79,55,26,5000.0
289,20,5,49,7,15,4500.0
102,11,1,59,1,27,4000.0
92,4,4,106,7,9,3000.0
106,2,2,80,55,26,4500.0
232,4,1,225,36,28,3000.0
158,18,3,364,51,17,5000.0
37,11,1,162,19,24,4000.0
201,2,2,81,50,30,4500.0
273,15,5,112,12,30,3500.0
274,20,5,212,27,23,4500.0
204,9,4,330,1,19,3500.0
129,10,5,10,17,25,3000.0
215,9,4,231,47,16,3500.0
9,9,4,102,22,30,3500.0
158,7,2,98,180,10,2500.0
134,3,3,172,43,23,3500.0
244,20,5,112,42,31,4500.0
159,9,4,339,28,16,3500.0
96,1,1,198,17,27,2500.0
228,18,3,72,39,11,5000.0
49,15,5,143,25,12,3500.0
259,3,3,303,12,14,3500.0
285,6,1,22,22,26,5000.0
120,17,2,111,19,22,4000.0
281,6,1,221,82,33,5000.0
191,9,4,85,10,14,3500.0
74,20,5,161,100,19,4500.0
97,8,3,295,38,20,4500.0
106,11,1,346,10,13,4000.0
181,18,3,340,41,27,5000.0
147,17,2,60,3,24,4000.0
167,19,4,205,12,25,2500.0
253,20,5,273,2,8,4500.0
114,6,1,284,0,31,5000.0
291,6,1,156,77,14,5000.0
178,14,4,17,8,30,4500.0
97,20,5,259,12,22,4500.0
35,18,3,232,7,12,5000.0
265,15,5,282,33,23,3500.0
6,20,5,242,21,28,4500.0
131,19,4,137,47,9,2500.0
64,10,2,182,103,13,3000.0
263,8,3,244,49,31,4500.0
68,1,1,140,106,33,2500.0
18,20,5,198,80,35,4500.0
270,18,3,22,3,31,5000.0
217,7,4,196,40,27,2500.0
287,3,3,139,20,19,3500.0
70,5,5,352,1,11,4000.0
207,2,2,295,49,8,4500.0
138,3,3,200,4,24,3500.0
6,5,5,78,89,29,4000.0
79,19,1,192,24,35,2500.0
96,8,3,290,25,20,4500.0
170,1,1,269,104,18,2500.0
158,12,2,244,40,11,5000.0
13,13,3,93,40,21,2500.0
106,12,2,237,5,28,5000.0
11,4,4,288,8,10,3000.0
298,10,2,246,11,25,3000.0
202,17,2,43,10,24,4000.0
223,15,5,235,29,21,3500.0
282,20,5,133,26,26,4500.0
48,1,1,174,10,17,2500.0
140,18,3,71,23,16,5000.0
267,4,1,239,17,33,3000.0
91,19,4,351,7,24,2500.0
75,10,2,230,13,25,3000.0
71,11,1,163,3,20,4000.0
289,7,2,161,68,29,2500.0
213,12,2,184,5,30,5000.0
165,15,5,158,0,24,3500.0
125,6,1,136,55,8,5000.0
297,19,4,205,24,11,2500.0
252,19,4,233,6,31,2500.0
159,8,3,127,6,13,4500.0
221,4,4,73,15,23,3000.0
218,11,1,189,13,12,4000.0
18,18,3,318,56,34,5000.0
168,20,5,335,7,8,4500.0
285,14,4,45,15,13,4500.0
68,8,3,184,13,33,4500.0
53,12,2,273,58,21,5000.0
151,1,3,15,72,15,2500.0
52,16,3,66,2,34,3000.0
170,9,4,359,26,30,3500.0
238,15,5,252,5,19,3500.0
77,14,4,358,59,18,4500.0
35,14,4,106,47,22,4500.0
207,1,3,93,4,12,2500.0
256,3,3,146,30,15,3500.0
233,8,3,321,0,32,4500.0
54,2,2,153,37,12,4500.0
241,1,1,63,30,8,2500.0
175,20,5,237,13,31,4500.0
89,12,2,113,137,29,5000.0
263,18,3,154,85,12,5000.0
82,19,1,270,62,13,2500.0
147,15,5,249,52,19,3500.0
62,10,5,135,10,32,3000.0
86,11,1,332,26,31,4000.0
77,14,4,303,28,20,4500.0
16,1,1,67,89,35,2500.0
260,11,1,32,18,12,4000.0
181,11,1,37,35,18,4000.0
171,11,1,108,46,29,4000.0
42,12,2,165,6,25,5000.0
217,1,3,228,79,17,2500.0
17,16,3,307,6,12,3000.0
193,9,4,130,51,31,3500.0
60,5,5,91,8,13,4000.0
66,10,2,204,0,14,3000.0
95,8,3,21,21,9,4500.0
110,14,4,227,30,33,4500.0
63,5,5,186,1,12,4000.0
173,13,5,230,25,21,2500.0
280,19,4,135,103,21,2500.0
171,19,1,324,62,12,2500.0
250,2,2,219,2,35,4500.0
172,1,1,67,131,19,2500.0
286,16,3,322,9,16,3000.0
17,10,5,249,7,23,3000.0
27,14,4,125,11,8,4500.0
126,20,5,238,2,32,4500.0
148,13,5,50,9,33,2500.0
99,13,3,86,6,19,2500.0
165,13,3,58,32,8,2500.0
178,7,2,228,23,28,2500.0
124,2,2,62,5,23,4500.0
198,1,3,30,11,8,2500.0
163,18,3,38,37,30,5000.0
236,2,2,113,27,16,4500.0
102,13,5,279,180,29,2500.0
251,18,3,45,42,27,5000.0
225,10,5,325,10,26,3000.0
189,19,4,338,3,21,2500.0
198,13,5,28,50,28,2500.0
190,15,5,56,36,28,3500.0
106,18,3,272,1,20,5000.0
37,19,1,6,15,27,2500.0
173,7,4,346,12,34,2500.0
203,14,4,363,34,17,4500.0
142,7,2,155,78,24,2500.0
44,19,1,95,19,16,2500.0
71,2,2,189,13,9,4500.0
165,16,1,239,8,31,3000.0
197,18,3,291,21,16,5000.0
205,19,4,67,68,12,2500.0
182,6,1,273,0,22,5000.0
232,1,3,123,0,11,2500.0
139,5,5,13,8,23,4000.0
230,18,3,234,4,23,5000.0
298,10,2,63,28,33,3000.0
12,9,4,108,161,33,3500.0
273,1,3,337,26,35,2500.0
7,6,1,253,68,24,5000.0
168,14,4,132,24,24,4500.0
183,19,4,254,13,30,2500.0
199,14,4,277,9,15,4500.0
54,20,5,143,17,21,4500.0
199,19,1,144,14,29,2500.0
128,17,2,115,137,17,4000.0
152,13,3,32,9,27,2500.0
264,19,1,330,75,13,2500.0
249,5,5,118,48,27,4000.0
11,10,2,322,19,21,3000.0
226,8,3,303,0,24,4500.0
296,2,2,167,24,16,4500.0
260,3,3,209,15,22,3500.0
35,11,1,284,25,10,4000.0
235,2,2,286,14,26,4500.0
292,15,5,135,105,18,3500.0
130,7,4,342,7,20,2500.0
48,16,3,140,61,29,3000.0
175,2,2,231,46,33,4500.0
37,8,3,128,2,29,4500.0
70,18,3,78,0,35,5000.0
81,13,3,144,6,29,2500.0
169,18,3,296,17,26,5000.0
116,6,1,325,2,10,5000.0
256,18,3,55,67,28,5000.0
250,9,4,365,9,25,3500.0
153,9,4,23,34,34,3500.0
14,13,5,346,41,23,2500.0
18,6,1,63,2,17,5000.0
70,8,3,260,78,14,4500.0
154,20,5,76,50,24,4500.0
86,6,1,249,11,8,5000.0
146,13,5,176,1,12,2500.0
273,16,1,224,10,19,3000.0
193,16,3,288,48,21,3000.0
55,8,3,235,14,18,4500.0
49,8,3,3,6,13,4500.0
165,4,1,116,55,19,3000.0
48,4,1,352,11,15,3000.0
150,10,5,92,16,11,3000.0
94,9,4,25,28,31,3500.0
54,7,2,262,28,31,2500.0
31,2,2,142,50,29,4500.0
97,8,3,66,20,35,4500.0
278,14,4,227,34,12,4500.0
227,9,4,137,58,19,3500.0
101,12,2,56,34,20,5000.0
51,6,1,25,124,20,5000.0
238,7,4,200,63,17,2500.0
221,16,3,56,29,32,3000.0
184,17,2,219,27,33,4000.0
30,13,5,151,1,30,2500.0
17,10,5,254,108,28,3000.0
2,6,1,347,30,27,5000.0
61,9,4,183,34,12,3500.0
273,7,4,212,17,12,2500.0
158,14,4,91,24,24,4500.0
219,14,4,322,4,33,4500.0
102,19,4,113,7,8,2500.0
218,6,1,141,34,25,5000.0
28,17,2,184,1,15,4000.0
236,1,3,214,14,23,2500.0
165,9,4,58,1,13,3500.0
28,9,4,309,19,20,3500.0
261,11,1,302,10,27,4000.0
147,14,4,2,84,31,4500.0
104,15,5,191,31,23,3500.0
29,11,1,44,38,34,4000.0
273,19,1,349,34,25,2500.0
152,12,2,10,41,14,5000.0
40,8,3,311,1,20,4500.0
278,19,4,338,33,27,2500.0
110,1,3,25,21,31,2500.0
54,1,3,154,23,8,2500.0
118,5,5,318,27,25,4000.0
114,13,5,169,36,24,2500.0
274,11,1,203,6,20,4000.0
133,6,1,101,14,9,5000.0
88,7,2,256,42,32,2500.0
72,15,5,151,120,31,3500.0
245,15,5,111,0,34,3500.0
160,20,5,342,20,19,4500.0
169,3,3,81,76,13,3500.0
28,14,4,298,1,24,4500.0
249,19,4,235,52,15,2500.0
125,8,3,241,4,33,4500.0
164,18,3,202,59,16,5000.0
123,8,3,199,37,29,4500.0
74,5,5,2,71,17,4000.0
179,8,3,230,76,21,4500.0
160,14,4,95,11,29,4500.0
295,4,1,22,50,17,3000.0
28,19,4,158,36,30,2500.0
174,20,5,91,1,14,4500.0
117,4,1,171,46,20,3000.0
234,2,2,304,105,14,4500.0
277,14,4,233,32,27,4500.0
39,11,1,249,29,28,4000.0
189,4,4,342,46,18,3000.0
120,3,3,48,27,27,3500.0
110,9,4,185,28,32,3500.0
111,9,4,102,86,28,3500.0
89,8,3,154,20,18,4500.0
221,16,1,72,30,14,3000.0
97,2,2,364,24,14,4500.0
191,7,2,8,20,32,2500.0
258,20,5,233,57,35,4500.0
174,2,2,140,20,16,4500.0
88,6,1,202,33,30,5000.0
248,14,4,134,11,23,4500.0
267,4,1,143,106,20,3000.0
17,16,1,315,45,27,3000.0
21,18,3,114,72,28,5000.0
46,16,3,109,80,13,3000.0
182,18,3,24,16,21,5000.0
178,14,4,167,2,27,4500.0
36,15,5,315,11,21,3500.0
113,20,5,161,6,20,4500.0
58,5,5,123,1,32,4000.0
128,13,5,81,48,25,2500.0
72,5,5,165,16,35,4000.0
51,11,1,136,91,24,4000.0
23,1,1,63,8,9,2500.0
125,20,5,266,32,33,4500.0
294,11,1,45,36,17,4000.0
249,5,5,83,71,27,4000.0
297,4,1,252,68,32,3000.0
62,4,1,178,31,14,3000.0
229,10,5,363,52,16,3000.0
182,18,3,66,80,16,5000.0
181,13,3,193,57,8,2500.0
277,12,2,308,54,17,5000.0
253,13,5,300,28,24,2500.0
118,1,3,295,5,25,2500.0
290,6,1,53,0,11,5000.0
243,1,3,345,64,14,2500.0
164,11,1,158,10,24,4000.0
284,3,3,169,66,26,3500.0
255,16,3,50,3,17,3000.0
297,16,3,258,68,10,3000.0
226,5,5,99,24,19,4000.0
252,9,4,221,6,27,3500.0
22,6,1,203,18,11,5000.0
10,20,5,189,34,21,4500.0
245,7,4,353,18,19,2500.0
85,14,4,148,4,19,4500.0
112,13,5,274,74,8,2500.0
103,4,1,23,9,10,3000.0
93,13,5,129,6,34,2500.0
62,16,3,321,86,19,3000.0
262,12,2,178,1,35,5000.0
67,14,4,221,64,14,4500.0
286,10,5,56,63,26,3000.0
185,11,1,282,14,11,4000.0
97,19,1,346,13,20,2500.0
259,20,5,163,17,21,4500.0
178,18,3,205,34,15,5000.0
119,7,4,23,13,9,2500.0
244,19,4,360,30,28,2500.0
59,2,2,247,16,12,4500.0
191,20,5,349,31,31,4500.0
207,5,5,307,33,18,4000.0
198,6,1,283,2,26,5000.0
130,9,4,1,4,15,3500.0
52,3,3,43,10,28,3500.0
240,16,1,116,12,33,3000.0
151,10,5,365,17,14,3000.0
86,18,3,135,19,17,5000.0
249,8,3,220,9,13,4500.0
51,9,4,53,1,34,3500.0
48,10,2,23,53,30,3000.0
10,11,1,220,10,9,4000.0
121,6,1,318,24,23,5000.0
299,11,1,310,42,20,4000.0
249,7,2,240,61,29,2500.0
10,5,5,92,40,20,4000.0
68,2,2,53,28,32,4500.0
93,17,2,147,18,21,4000.0
122,5,5,123,4,21,4000.0
21,8,3,337,80,29,4500.0
122,18,3,94,39,16,5000.0
149,9,4,240,43,21,3500.0
130,3,3,311,22,9,3500.0
4,12,2,314,1,23,5000.0
128,1,3,70,24,9,2500.0
50,2,2,18,17,20,4500.0
103,16,1,364,90,25,3000.0
153,16,1,241,7,11,3000.0
90,10,2,330,11,30,3000.0
292,2,2,282,0,14,4500.0
191,18,3,105,99,29,5000.0
90,16,3,325,45,24,3000.0
295,15,5,323,28,11,3500.0
9,9,4,140,32,15,3500.0
96,19,4,3,32,35,2500.0
5,15,5,3,26,28,3500.0
179,14,4,24,43,20,4500.0
174,19,1,142,5,26,2500.0
20,5,5,85,180,33,4000.0
283,1,3,189,15,27,2500.0
138,14,4,266,4,16,4500.0
119,1,1,104,73,32,2500.0
66,10,2,65,48,30,3000.0
185,5,5,254,16,33,4000.0
155,17,2,8,7,15,4000.0
255,16,3,35,96,19,3000.0
178,13,3,209,41,29,2500.0
266,10,5,305,46,13,3000.0
63,5,5,78,28,25,4000.0
264,16,3,66,18,19,3000.0
55,9,4,17,7,26,3500.0
228,20,5,119,76,23,4500.0
141,8,3,102,5,22,4500.0
127,20,5,205,30,31,4500.0
33,4,1,18,46,30,3000.0
149,4,4,39,13,17,3000.0
137,20,5,83,8,25,4500.0
218,12,2,122,1,27,5000.0
61,15,5,171,59,16,3500.0
50,11,1,294,3,19,4000.0
200,11,1,174,19,9,4000.0
3,20,5,62,13,25,4500.0
295,4,1,53,2,12,3000.0
35,20,5,286,12,22,4500.0
1,1,3,223,34,32,2500.0
258,3,3,363,109,15,3500.0
218,20,5,259,0,34,4500.0
31,18,3,122,32,17,5000.0
153,4,4,296,180,16,3000.0
103,13,3,261,57,12,2500.0
266,3,3,217,82,27,3500.0
290,6,1,60,34,30,5000.0
123,13,3,39,33,12,2500.0
47,6,1,185,8,21,5000.0
196,3,3,212,33,27,3500.0
277,11,1,133,1,11,4000.0
37,17,2,275,9,32,4000.0
1,11,1,10,8,19,4000.0
165,16,3,290,8,26,3000.0
169,8,3,52,79,32,4500.0
146,1,1,214,5,27,2500.0
263,15,5,178,56,14,3500.0
67,20,5,190,2,26,4500.0
221,16,3,324,95,23,3000.0
92,9,4,167,131,19,3500.0
85,7,2,234,16,15,2500.0
295,10,2,13,52,34,3000.0
207,3,3,241,21,8,3500.0
84,17,2,24,102,18,4000.0
56,9,4,147,27,28,3500.0
66,4,4,345,117,15,3000.0
19,10,5,112,11,12,3000.0
29,14,4,142,10,11,4500.0
190,18,3,263,18,21,5000.0
40,20,5,67,17,22,4500.0
220,11,1,323,8,27,4000.0
38,18,3,216,115,25,5000.0
207,20,5,280,72,22,4500.0
25,1,3,212,3,27,2500.0
287,18,3,167,17,11,5000.0
203,17,2,142,55,8,4000.0
157,10,5,247,15,27,3000.0
222,7,2,134,24,24,2500.0
181,19,1,132,91,17,2500.0
297,10,5,328,22,11,3000.0
184,11,1,207,3,20,4000.0
70,9,4,189,1,12,3500.0
198,13,3,92,0,21,2500.0
70,1,1,71,40,17,2500.0
5,14,4,77,37,28,4500.0
248,19,1,60,29,21,2500.0
121,2,2,304,82,13,4500.0
127,9,4,9,31,31,3500.0
245,15,5,226,20,28,3500.0
285,17,2,198,141,15,4000.0
2,8,3,148,2,18,4500.0
270,6,1,184,13,20,5000.0
214,12,2,177,12,33,5000.0
261,20,5,116,35,25,4500.0
231,17,2,287,108,19,4000.0
122,1,1,356,24,33,2500.0
34,7,2,2,39,34,2500.0
72,7,4,287,27,14,2500.0
238,15,5,273,10,20,3500.0
221,1,1,49,56,28,2500.0
187,13,5,301,33,11,2500.0
300,18,3,161,36,12,5000.0
262,1,3,146,41,32,2500.0
92,4,4,55,23,17,3000.0
283,8,3,212,85,33,4500.0
205,17,2,314,11,17,4000.0
293,2,2,289,22,20,4500.0
224,3,3,342,76,35,3500.0
49,11,1,288,35,16,4000.0
196,17,2,195,45,10,4000.0
176,20,5,72,28,23,4500.0
174,13,3,365,29,22,2500.0
252,8,3,109,40,15,4500.0
87,12,2,219,70,22,5000.0
284,9,4,268,16,27,3500.0
151,19,4,224,15,14,2500.0
82,2,2,28,14,23,4500.0
163,8,3,20,12,20,4500.0
294,17,2,340,64,30,4000.0
267,9,4,232,14,28,3500.0
52,10,2,65,31,22,3000.0
255,10,2,140,1,13,3000.0
57,20,5,62,55,13,4500.0
6,19,1,251,9,35,2500.0
96,9,4,199,5,23,3500.0
232,7,4,237,3,35,2500.0
63,18,3,22,13,10,5000.0
171,14,4,167,43,14,4500.0
283,14,4,332,131,25,4500.0
224,5,5,190,7,23,4000.0
102,6,1,25,7,15,5000.0
145,13,3,25,20,20,2500.0
113,7,4,311,156,34,2500.0
179,15,5,361,10,12,3500.0
36,18,3,259,13,13,5000.0
255,19,1,143,2,29,2500.0
169,11,1,63,25,18,4000.0
232,4,1,137,11,31,3000.0
278,12,2,59,9,31,5000.0
96,8,3,347,167,8,4500.0
60,17,2,128,6,28,4000.0
8,14,4,217,1,32,4500.0
207,2,2,206,2,15,4500.0
122,19,4,165,49,28,2500.0
37,2,2,160,1,28,4500.0
16,1,3,170,18,31,2500.0
75,1,3,67,30,27,2500.0
203,6,1,191,29,26,5000.0
145,9,4,261,9,8,3500.0
182,1,3,112,7,12,2500.0
271,16,3,86,19,9,3000.0
57,19,4,90,12,29,2500.0
142,4,1,335,16,24,3000.0
44,13,5,232,31,22,2500.0
296,2,2,65,2,10,4500.0
118,1,1,224,18,30,2500.0
86,2,2,162,9,34,4500.0
183,6,1,318,57,26,5000.0
211,1,1,254,4,17,2500.0
137,13,3,337,7,10,2500.0
202,14,4,241,15,13,4500.0
110,6,1,316,18,27,5000.0
1,9,4,237,0,8,3500.0
118,2,2,41,159,25,4500.0
69,11,1,29,5,27,4000.0
3,12,2,331,14,9,5000.0
104,4,1,178,114,18,3000.0
248,19,1,324,91,15,2500.0
63,6,1,119,35,11,5000.0
149,10,2,160,14,13,3000.0
163,18,3,157,11,31,5000.0
108,18,3,197,52,26,5000.0
118,14,4,146,0,30,4500.0
240,16,1,38,7,30,3000.0
259,11,1,288,58,27,4000.0
100,9,4,100,12,15,3500.0
110,19,4,39,27,13,2500.0
97,18,3,191,19,10,5000.0
208,11,1,279,4,14,4000.0
17,10,2,315,5,16,3000.0
138,5,5,255,14,11,4000.0
293,9,4,83,73,31,3500.0
117,10,5,122,9,26,3000.0
225,13,3,3,97,11,2500.0
21,7,2,205,0,9,2500.0
280,14,4,206,4,28,4500.0
55,9,4,30,146,10,3500.0
249,8,3,332,132,12,4500.0
206,3,3,4,44,14,3500.0
271,7,4,56,13,24,2500.0
61,11,1,294,26,11,4000.0
278,20,5,179,22,12,4500.0
27,18,3,98,60,35,5000.0
102,17,2,342,2,21,4000.0
160,17,2,85,21,35,4000.0
235,17,2,98,36,18,4000.0
23,15,5,245,31,28,3500.0
262,5,5,213,16,31,4000.0
146,12,2,135,7,21,5000.0
195,11,1,230,4,12,4000.0
78,1,1,65,45,14,2500.0
235,13,5,226,47,22,2500.0
200,5,5,357,29,19,4000.0
87,11,1,81,27,23,4000.0
274,18,3,276,37,32,5000.0
170,20,5,156,95,29,4500.0
107,12,2,56,1,12,5000.0
33,10,2,365,15,28,3000.0
118,11,1,293,27,14,4000.0
77,6,1,192,10,25,5000.0
197,3,3,57,3,35,3500.0
46,15,5,29,52,32,3500.0
221,10,2,291,14,33,3000.0
111,16,3,143,26,17,3000.0
167,2,2,255,32,28,4500.0
189,15,5,270,8,9,3500.0
188,14,4,260,57,12,4500.0
100,20,5,60,39,30,4500.0
130,6,1,41,51,33,5000.0
37,12,2,316,77,32,5000.0
270,17,2,34,109,31,4000.0
185,7,2,312,23,11,2500.0
279,18,3,267,17,33,5000.0
249,8,3,192,3,26,4500.0
23,14,4,126,5,25,4500.0
123,9,4,125,15,20,3500.0
110,6,1,85,28,15,5000.0
157,10,2,230,37,27,3000.0
158,17,2,284,32,21,4000.0
202,6,1,199,28,23,5000.0
110,12,2,204,63,13,5000.0
168,14,4,160,5,33,4500.0
253,6,1,2,2,24,5000.0
165,10,2,84,30,26,3000.0
236,12,2,295,27,30,5000.0
134,9,4,106,79,13,3500.0
153,4,1,338,89,27,3000.0
245,11,1,290,60,14,4000.0
16,2,2,192,33,12,4500.0
63,14,4,346,28,26,4500.0
135,11,1,155,51,23,4000.0
179,19,1,198,16,15,2500.0
72,17,2,288,87,18,4000.0
81,1,3,179,55,17,2500.0
166,19,1,262,15,31,2500.0
25,3,3,44,19,25,3500.0
45,6,1,11,22,11,5000.0
138,1,3,177,4,21,2500.0
287,11,1,55,59,18,4000.0
276,12,2,161,15,9,5000.0
117,4,4,308,20,12,3000.0
210,10,5,119,25,11,3000.0
19,10,5,207,32,12,3000.0
264,15,5,112,13,32,3500.0
144,2,2,27,28,26,4500.0
193,10,2,294,22,14,3000.0
82,3,3,273,50,19,3500.0
89,11,1,107,15,27,4000.0
225,7,2,185,3,10,2500.0
202,19,4,155,40,21,2500.0
256,11,1,83,9,34,4000.0
172,14,4,218,29,22,4500.0
181,5,5,53,17,30,4000.0
189,15,5,291,14,11,3500.0
170,3,3,45,1,24,3500.0
66,10,5,161,35,11,3000.0
225,4,1,51,10,9,3000.0
88,17,2,169,26,16,4000.0
143,7,4,198,26,19,2500.0
157,13,3,74,14,23,2500.0
225,4,4,57,80,23,3000.0
185,19,1,45,40,32,2500.0
80,9,4,196,9,14,3500.0
101,7,2,34,26,23,2500.0
295,16,3,175,4,12,3000.0
167,5,5,109,14,26,4000.0
188,9,4,148,37,27,3500.0
15,14,4,7,141,12,4500.0
125,8,3,189,7,18,4500.0
194,13,5,342,23,18,2500.0
282,9,4,2,103,35,3500.0
240,15,5,162,55,27,3500.0
182,7,4,59,28,26,2500.0
235,14,4,351,10,31,4500.0
252,14,4,175,70,30,4500.0
157,10,5,87,70,25,3000.0
4,14,4,35,32,30,4500.0
255,10,5,72,74,20,3000.0
164,8,3,76,20,14,4500.0
62,1,1,337,7,21,2500.0
82,17,2,66,55,20,4000.0
255,3,3,79,22,11,3500.0
69,11,1,291,12,9,4000.0
57,18,3,176,14,29,5000.0
169,17,2,359,86,25,4000.0
233,15,5,226,62,9,3500.0
215,2,2,359,15,12,4500.0
17,10,5,221,44,22,3000.0
269,20,5,248,67,34,4500.0
83,2,2,179,180,9,4500.0
31,3,3,218,11,9,3500.0
288,10,2,192,9,31,3000.0
145,15,5,37,29,20,3500.0
225,4,1,310,4,25,3000.0
165,16,1,34,39,27,3000.0
107,12,2,238,11,30,5000.0
91,14,4,191,42,18,4500.0
43,19,1,312,33,27,2500.0
135,17,2,289,9,16,4000.0
271,4,1,78,22,8,3000.0
125,12,2,90,1,32,5000.0
20,17,2,244,8,8,4000.0
285,12,2,32,6,20,5000.0
189,16,3,49,9,23,3000.0
84,11,1,188,19,8,4000.0
201,14,4,87,25,21,4500.0
36,1,3,144,21,22,2500.0
194,14,4,134,7,15,4500.0
49,14,4,293,132,29,4500.0
267,19,1,98,36,33,2500.0
260,12,2,84,39,23,5000.0
300,5,5,352,4,29,4000.0
244,7,4,99,4,21,2500.0
88,18,3,10,111,25,5000.0
22,18,3,219,21,25,5000.0
133,2,2,94,30,9,4500.0
104,16,1,248,114,34,3000.0
210,7,4,128,41,28,2500.0
114,7,4,310,19,18,2500.0
72,7,4,71,29,8,2500.0
114,2,2,10,97,9,4500.0
250,3,3,256,13,16,3500.0
185,7,2,87,1,17,2500.0
271,4,4,163,20,31,3000.0
292,2,2,342,88,15,4500.0
107,20,5,50,14,22,4500.0
40,5,5,92,11,15,4000.0
229,16,1,329,93,20,3000.0
53,13,3,72,13,9,2500.0
152,14,4,16,15,28,4500.0
230,20,5,34,0,31,4500.0
66,4,1,186,43,30,3000.0
25,2,2,50,46,14,4500.0
79,10,5,225,32,27,3000.0
28,9,4,93,19,9,3500.0
224,12,2,311,9,25,5000.0
173,2,2,140,22,35,4500.0
175,6,1,240,83,19,5000.0
252,12,2,29,7,25,5000.0
242,19,4,365,3,20,2500.0
220,1,1,218,132,34,2500.0
96,7,4,60,28,10,2500.0
247,18,3,13,51,8,5000.0
244,13,3,162,55,20,2500.0
252,11,1,39,76,17,4000.0
299,7,2,361,38,15,2500.0
118,19,4,57,43,15,2500.0
34,18,3,94,23,27,5000.0
231,17,2,199,35,12,4000.0
101,7,2,59,39,34,2500.0
49,1,1,311,37,8,2500.0
189,1,3,80,28,29,2500.0
114,14,4,267,52,24,4500.0
188,12,2,136,82,31,5000.0
210,3,3,350,5,20,3500.0
257,2,2,30,6,11,4500.0
100,1,3,323,2,31,2500.0
54,7,4,76,9,19,2500.0
191,12,2,176,24,18,5000.0
134,12,2,280,41,23,5000.0
48,10,5,88,11,30,3000.0
297,16,3,248,29,25,3000.0
131,20,5,87,35,35,4500.0
200,6,1,228,11,10,5000.0
218,13,5,66,5,18,2500.0
87,19,1,179,34,25,2500.0
68,1,1,303,22,9,2500.0
124,19,4,235,12,33,2500.0
92,10,2,260,8,9,3000.0
241,15,5,287,35,25,3500.0
100,9,4,255,1,25,3500.0
235,6,1,30,19,8,5000.0
93,5,5,270,56,22,4000.0
63,3,3,325,13,27,3500.0
142,16,3,252,2,11,3000.0
22,13,3,293,4,31,2500.0
300,19,1,69,21,24,2500.0
155,17,2,195,0,23,4000.0
160,11,1,130,28,23,4000.0
276,7,4,293,13,29,2500.0
75,16,1,234,180,35,3000.0
127,5,5,256,41,17,4000.0
166,14,4,91,52,17,4500.0
236,19,4,310,28,31,2500.0
264,4,4,176,84,16,3000.0
16,12,2,333,7,31,5000.0
99,12,2,66,0,17,5000.0
234,2,2,213,40,22,4500.0
227,15,5,352,66,30,3500.0
46,4,4,97,9,27,3000.0
118,17,2,156,9,24,4000.0
114,5,5,85,8,34,4000.0
179,17,2,146,170,24,4000.0
129,4,4,350,5,28,3000.0
96,15,5,70,0,30,3500.0
69,11,1,225,20,29,4000.0
62,3,3,268,6,19,3500.0
39,3,3,142,9,24,3500.0
264,4,1,197,60,16,3000.0
86,14,4,213,60,21,4500.0
216,9,4,44,12,19,3500.0
154,18,3,357,28,29,5000.0
121,14,4,121,31,29,4500.0
166,7,4,289,20,30,2500.0
220,17,2,14,58,16,4000.0
187,4,1,224,6,23,3000.0
191,13,5,224,34,26,2500.0
153,16,1,43,16,28,3000.0
244,2,2,139,39,8,4500.0
42,2,2,226,11,30,4500.0
182,19,1,248,53,18,2500.0
41,5,5,88,3,17,4000.0
260,7,2,190,12,34,2500.0
123,12,2,41,156,12,5000.0
192,8,3,38,10,22,4500.0
119,9,4,254,24,13,3500.0
62,4,4,316,15,25,3000.0
185,12,2,121,2,29,5000.0
266,16,3,10,41,29,3000.0
236,14,4,115,32,29,4500.0
75,7,2,158,50,32,2500.0
266,10,5,151,80,9,3000.0
257,13,3,204,31,12,2500.0
76,18,3,261,56,34,5000.0
58,1,3,175,7,19,2500.0
235,11,1,178,111,26,4000.0
46,16,1,92,51,17,3000.0
286,15,5,24,12,22,3500.0
65,13,3,226,25,15,2500.0
257,6,1,330,17,30,5000.0
241,11,1,358,5,14,4000.0
272,5,5,193,56,10,4000.0
16,15,5,128,106,11,3500.0
133,18,3,304,20,23,5000.0
32,1,1,104,60,21,2500.0
133,17,2,273,25,11,4000.0
78,12,2,36,37,11,5000.0
189,4,4,206,7,28,3000.0
187,16,1,10,39,20,3000.0
114,3,3,200,18,12,3500.0
267,10,2,268,39,15,3000.0
233,13,5,87,13,32,2500.0
7,6,1,269,32,27,5000.0
230,11,1,175,74,27,4000.0
281,5,5,283,31,23,4000.0
149,10,2,73,28,23,3000.0
55,6,1,170,3,17,5000.0
132,19,4,340,32,15,2500.0
298,1,3,193,15,17,2500.0
32,2,2,77,18,31,4500.0
253,7,2,304,31,11,2500.0
75,16,1,281,154,31,3000.0
227,9,4,333,32,13,3500.0
69,8,3,77,5,10,4500.0
189,4,4,43,4,18,3000.0
173,19,4,207,56,27,2500.0
15,15,5,305,31,11,3500.0
11,16,3,14,24,19,3000.0
93,14,4,18,141,14,4500.0
73,13,5,29,13,13,2500.0
83,12,2,10,15,33,5000.0
197,15,5,258,85,28,3500.0
256,6,1,280,48,11,5000.0
260,17,2,354,65,20,4000.0
176,9,4,200,48,34,3500.0
265,8,3,105,48,29,4500.0
98,17,2,244,27,21,4000.0
274,13,3,1,5,13,2500.0
226,20,5,231,73,15,4500.0
240,13,5,55,1,15,2500.0
217,6,1,83,64,8,5000.0
243,17,2,38,42,23,4000.0
293,18,3,50,5,22,5000.0
234,20,5,192,44,25,4500.0
108,6,1,339,80,27,5000.0
119,1,1,324,1,29,2500.0
273,15,5,293,33,23,3500.0
166,20,5,151,12,21,4500.0
193,16,1,349,16,24,3000.0
79,10,2,279,35,18,3000.0
247,15,5,165,15,13,3500.0
41,17,2,135,9,25,4000.0
55,3,3,321,22,24,3500.0
185,8,3,247,50,34,4500.0
135,8,3,246,49,14,4500.0
60,13,3,219,14,34,2500.0
111,16,1,277,21,20,3000.0
76,17,2,198,41,13,4000.0
257,14,4,293,16,24,4500.0
179,17,2,149,24,9,4000.0
109,18,3,3,7,22,5000.0
74,12,2,70,11,34,5000.0
292,7,4,92,2,25,2500.0
246,4,4,193,15,25,3000.0
11,10,5,21,57,32,3000.0
148,9,4,339,55,35,3500.0
96,13,5,28,34,29,2500.0
275,12,2,270,20,14,5000.0
212,3,3,183,3,22,3500.0
246,16,3,167,3,21,3000.0
75,10,2,324,93,32,3000.0
73,20,5,132,17,10,4500.0
162,14,4,170,0,16,4500.0
189,16,3,322,48,25,3000.0
258,6,1,213,3,33,5000.0
168,8,3,310,0,29,4500.0
159,2,2,326,56,16,4500.0
191,18,3,176,33,26,5000.0
171,12,2,24,21,27,5000.0
5,12,2,272,16,21,5000.0
102,3,3,112,74,35,3500.0
236,13,5,111,29,16,2500.0
211,13,5,346,21,26,2500.0
128,5,5,105,13,8,4000.0
252,13,3,39,32,14,2500.0
221,4,4,218,16,27,3000.0
47,12,2,223,16,21,5000.0
90,3,3,93,18,17,3500.0
259,12,2,276,11,15,5000.0
230,17,2,167,15,29,4000.0
140,18,3,157,6,17,5000.0
32,14,4,113,32,16,4500.0
68,1,1,81,42,25,2500.0
267,16,3,360,39,19,3000.0
110,8,3,235,31,21,4500.0
44,2,2,21,118,16,4500.0
249,18,3,198,12,29,5000.0
269,19,1,332,76,11,2500.0
146,18,3,325,12,19,5000.0
101,9,4,74,20,8,3500.0
104,10,5,90,74,28,3000.0
198,9,4,326,46,19,3500.0
27,7,2,325,21,34,2500.0
63,17,2,272,43,10,4000.0
10,14,4,329,22,32,4500.0
194,11,1,255,39,14,4000.0
247,7,2,352,32,9,2500.0
247,14,4,20,33,23,4500.0
105,4,4,63,34,34,3000.0
55,8,3,322,18,8,4500.0
293,1,3,11,8,16,2500.0
238,20,5,130,42,24,4500.0
16,11,1,16,22,32,4000.0
269,8,3,30,43,18,4500.0
146,8,3,259,2,21,4500.0
270,2,2,248,68,34,4500.0
27,12,2,111,25,24,5000.0
204,9,4,104,56,18,3500.0
33,16,3,122,0,24,3000.0
246,16,1,255,51,29,3000.0
52,10,2,262,10,32,3000.0
190,6,1,32,10,12,5000.0
87,2,2,325,5,31,4500.0
105,16,3,21,0,34,3000.0
219,12,2,301,33,11,5000.0
134,15,5,331,45,9,3500.0
154,20,5,95,23,19,4500.0
241,9,4,100,10,25,3500.0
179,2,2,247,0,22,4500.0
214,8,3,331,4,24,4500.0
181,1,3,295,18,17,2500.0
147,8,3,195,3,23,4500.0
216,14,4,219,0,19,4500.0
259,11,1,109,32,12,4000.0
116,2,2,196,145,35,4500.0
209,3,3,269,63,33,3500.0
64,9,4,364,29,34,3500.0
38,1,1,314,28,21,2500.0
68,13,3,155,55,19,2500.0
265,2,2,329,19,16,4500.0
83,11,1,49,3,34,4000.0
117,10,2,140,46,10,3000.0
119,7,2,360,20,34,2500.0
293,7,4,109,20,35,2500.0
39,12,2,248,72,34,5000.0
71,19,1,219,27,22,2500.0
261,17,2,36,3,34,4000.0
184,15,5,249,13,30,3500.0
165,10,2,10,66,14,3000.0
222,13,3,335,54,15,2500.0
153,16,1,232,76,25,3000.0
40,1,1,276,49,9,2500.0
223,12,2,51,40,17,5000.0
106,14,4,352,15,33,4500.0
209,8,3,130,5,10,4500.0
241,20,5,248,19,23,4500.0
34,6,1,260,17,19,5000.0
42,14,4,241,50,17,4500.0
54,15,5,129,36,16,3500.0
78,17,2,259,24,9,4000.0
205,15,5,29,15,24,3500.0
290,2,2,15,2,25,4500.0
160,8,3,221,34,33,4500.0
24,15,5,294,14,12,3500.0
246,7,2,114,30,22,2500.0
129,16,1,71,33,27,3000.0
175,11,1,338,8,20,4000.0
292,17,2,318,17,14,4000.0
191,20,5,263,5,29,4500.0
137,8,3,197,4,28,4500.0
207,12,2,179,16,9,5000.0
178,9,4,39,26,30,3500.0
118,17,2,178,115,15,4000.0
58,13,3,302,46,27,2500.0
153,4,1,181,19,17,3000.0
288,15,5,43,63,32,3500.0
283,9,4,74,19,21,3500.0
257,15,5,216,29,14,3500.0
267,4,4,219,82,28,3000.0
123,11,1,291,73,15,4000.0
12,2,2,240,24,35,4500.0
229,16,3,94,35,9,3000.0
42,20,5,102,46,11,4500.0
19,4,1,22,43,24,3000.0
164,9,4,161,21,18,3500.0
116,8,3,98,9,29,4500.0
269,15,5,163,99,23,3500.0
265,11,1,188,17,28,4000.0
193,10,5,111,9,34,3000.0
107,7,2,343,1,13,2500.0
138,9,4,55,0,31,3500.0
215,20,5,329,132,25,4500.0
33,16,1,116,25,14,3000.0
256,19,4,154,18,11,2500.0
179,3,3,323,47,27,3500.0
163,12,2,352,24,12,5000.0
79,4,4,28,2,9,3000.0
87,17,2,287,11,22,4000.0
84,3,3,304,13,32,3500.0
114,5,5,249,9,12,4000.0
27,6,1,132,52,23,5000.0
253,17,2,359,36,8,4000.0
82,1,3,133,26,29,2500.0
46,10,5,23,32,30,3000.0
262,18,3,71,41,31,5000.0
47,8,3,169,23,14,4500.0
149,16,1,340,2,35,3000.0
290,18,3,214,38,13,5000.0
293,14,4,184,92,30,4500.0
260,17,2,336,46,28,4000.0
108,11,1,329,8,9,4000.0
204,18,3,127,61,26,5000.0
198,12,2,259,108,19,5000.0
212,14,4,240,60,19,4500.0
291,8,3,245,2,14,4500.0
222,9,4,105,79,27,3500.0
272,13,5,134,86,30,2500.0
200,14,4,161,19,11,4500.0
121,8,3,234,52,8,4500.0
225,15,5,249,12,18,3500.0
250,2,2,325,4,32,4500.0
7,14,4,281,9,12,4500.0
235,6,1,347,15,26,5000.0
285,17,2,360,6,9,4000.0
180,14,4,77,2,29,4500.0
129,19,4,30,23,24,2500.0
32,15,5,322,33,23,3500.0
66,10,2,134,11,24,3000.0
180,3,3,352,94,34,3500.0
266,4,1,46,55,14,3000.0
80,15,5,232,10,30,3500.0
64,10,2,137,26,12,3000.0
91,19,4,151,37,18,2500.0
239,15,5,317,1,22,3500.0
275,20,5,95,42,35,4500.0
28,9,4,114,9,22,3500.0
88,5,5,182,19,31,4000.0
140,12,2,140,1,24,5000.0
51,13,5,87,11,32,2500.0
193,4,1,258,0,20,3000.0
101,17,2,337,62,8,4000.0
71,18,3,139,64,21,5000.0
127,20,5,151,79,21,4500.0
129,4,1,153,53,18,3000.0
102,6,1,78,15,29,5000.0
243,17,2,60,38,35,4000.0
202,3,3,123,22,35,3500.0
120,2,2,127,23,31,4500.0
6,19,1,294,39,35,2500.0
179,6,1,337,5,9,5000.0
235,8,3,240,75,19,4500.0
90,16,1,127,3,12,3000.0
54,1,1,345,17,8,2500.0
146,1,3,323,35,30,2500.0
13,14,4,3,76,27,4500.0
187,16,1,209,24,8,3000.0
264,16,1,157,0,25,3000.0
273,10,5,111,19,8,3000.0
39,13,5,188,91,31,2500.0
298,10,5,210,13,17,3000.0
197,17,2,188,33,24,4000.0
189,9,4,142,27,8,3500.0
15,11,1,350,56,31,4000.0
55,3,3,45,35,31,3500.0
187,16,1,248,18,17,3000.0
139,8,3,157,47,8,4500.0
274,13,3,183,5,24,2500.0
132,9,4,237,25,23,3500.0
113,15,5,262,88,13,3500.0
21,5,5,78,0,18,4000.0
219,14,4,147,34,27,4500.0
226,15,5,195,20,14,3500.0
133,1,1,90,8,33,2500.0
52,4,4,189,13,23,3000.0
127,12,2,256,7,16,5000.0
141,9,4,143,5,31,3500.0
25,7,2,210,32,32,2500.0
192,12,2,314,0,26,5000.0
38,19,1,90,55,16,2500.0
48,10,5,74,75,28,3000.0
129,13,5,10,54,26,2500.0
207,11,1,283,3,12,4000.0
43,18,3,93,24,35,5000.0
246,4,4,48,77,32,3000.0
207,8,3,270,31,11,4500.0
108,17,2,77,4,11,4000.0
80,15,5,279,3,10,3500.0
197,8,3,87,33,19,4500.0
280,18,3,322,10,33,5000.0
208,18,3,93,12,29,5000.0
199,1,1,261,24,29,2500.0
100,20,5,90,22,28,4500.0
254,19,4,246,24,18,2500.0
57,20,5,238,19,21,4500.0
53,12,2,260,7,19,5000.0
48,3,3,356,7,29,3500.0
225,16,3,106,1,23,3000.0
299,6,1,97,18,34,5000.0
258,3,3,203,24,24,3500.0
213,18,3,120,9,16,5000.0
16,20,5,148,0,33,4500.0
193,4,1,23,45,12,3000.0
28,7,4,119,6,16,2500.0
79,10,5,318,40,20,3000.0
218,7,4,52,47,11,2500.0
1,18,3,206,22,19,5000.0
3,20,5,125,14,34,4500.0
79,4,4,130,75,25,3000.0
126,5,5,170,0,18,4000.0
271,10,5,125,15,14,3000.0
34,1,1,85,36,20,2500.0
49,7,4,223,0,33,2500.0
144,18,3,224,53,26,5000.0
276,9,4,308,20,33,3500.0
74,2,2,219,29,24,4500.0
54,11,1,307,20,25,4000.0
73,19,1,101,48,18,2500.0
76,5,5,50,39,17,4000.0
171,5,5,88,10,11,4000.0
53,13,3,200,54,32,2500.0
69,5,5,230,76,28,4000.0
298,15,5,321,96,13,3500.0
106,19,1,345,10,25,2500.0
49,8,3,189,63,23,4500.0
103,19,4,55,56,23,2500.0
157,4,1,230,18,25,3000.0
48,15,5,270,3,11,3500.0
94,19,1,34,16,25,2500.0
21,20,5,134,3,35,4500.0
158,5,5,119,40,26,4000.0
193,10,2,55,37,9,3000.0
266,15,5,86,16,28,3500.0
17,4,4,35,17,27,3000.0
219,2,2,249,153,26,4500.0
293,11,1,256,36,13,4000.0
215,9,4,153,11,18,3500.0
35,15,5,169,13,21,3500.0
210,16,3,55,17,34,3000.0
106,17,2,127,132,32,4000.0
206,5,5,18,14,32,4000.0
51,8,3,83,33,31,4500.0
114,9,4,52,30,16,3500.0
245,19,4,290,43,11,2500.0
104,3,3,359,13,14,3500.0
279,11,1,248,16,23,4000.0
105,4,4,316,27,25,3000.0
49,6,1,300,11,22,5000.0
27,13,3,78,58,16,2500.0
113,18,3,310,32,23,5000.0
18,8,3,104,40,19,4500.0
235,9,4,86,36,12,3500.0
178,20,5,67,13,23,4500.0
233,13,3,188,34,12,2500.0
222,19,1,27,0,13,2500.0
296,9,4,245,3,15,3500.0
149,10,5,336,10,24,3000.0
38,8,3,356,13,32,4500.0
207,2,2,16,2,12,4500.0
156,6,1,130,3,18,5000.0
9,15,5,20,77,29,3500.0
85,15,5,126,15,15,3500.0
127,8,3,161,17,29,4500.0
289,20,5,314,25,20,4500.0
13,5,5,146,27,29,4000.0
24,17,2,331,29,32,4000.0
174,2,2,265,33,8,4500.0
205,12,2,121,38,22,5000.0
290,8,3,118,25,22,4500.0
4,5,5,169,3,13,4000.0
76,18,3,155,1,10,5000.0
264,10,2,210,50,9,3000.0
150,16,1,244,21,35,3000.0
199,20,5,154,16,22,4500.0
120,7,4,315,8,21,2500.0
79,16,3,256,23,19,3000.0
190,18,3,204,1,10,5000.0
185,19,1,48,28,34,2500.0
282,8,3,352,26,29,4500.0
80,5,5,345,108,22,4000.0
148,20,5,151,59,29,4500.0
146,14,4,43,36,17,4500.0
257,5,5,39,6,13,4000.0
201,14,4,186,11,35,4500.0
46,10,5,29,28,30,3000.0
25,12,2,60,19,17,5000.0
188,9,4,269,1,13,3500.0
102,13,5,217,180,35,2500.0
191,1,1,140,27,32,2500.0
229,15,5,237,23,31,3500.0
125,12,2,167,2,11,5000.0
48,10,2,317,17,20,3000.0
